{
  "韶关": [
    113.8090345457234,
    24.88044386492821
  ],
  "清远": [
    113.01788492050825,
    24.19717831075895
  ],
  "河源": [
    114.98377186801258,
    24.017371585977568
  ],
  "潮州": [
    116.78183919804704,
    23.819584188718043
  ],
  "汕头": [
    116.56607111844289,
    23.29814468685203
  ],
  "揭阳": [
    116.014663803899,
    23.388048049242723
  ],
  "汕尾": [
    115.47524360488866,
    23.028434599679954
  ],
  "惠州": [
    114.396403206868,
    23.271173678134822
  ],
  "东莞": [
    113.77307319912272,
    22.93853123728926
  ],
  "珠海": [
    113.34153703991446,
    22.138391312012104
  ],
  "江门": [
    112.71820703216918,
    22.32718837303256
  ],
  "佛山": [
    112.94596222730688,
    23.001463590962747
  ],
  "广州": [
    113.54531800398502,
    23.352086704286446
  ],
  "肇庆": [
    112.20276106422597,
    23.53189342906783
  ],
  "云浮": [
    111.68731509628276,
    22.821656866181364
  ],
  "阳江": [
    111.71128932734989,
    22.021516940904206
  ],
  "茂名": [
    110.8961654710676,
    22.003536268426068
  ],
  "湛江": [
    110.0211060371175,
    21.28430936930053
  ]
}
//a.features.map(m=>m.properties.cp=(p[m.properties.name]|| m.properties.cp)) 更新地址信息